1,Marque,,0
1,ABARTH,Marque,0
1,ALFA ROMEO,Marque,0
1,AUDI,Marque,0
1,AUTOBIANCHI,Marque,0
1,BMW,Marque,0
1,CHEVROLET,Marque,0
1,CHRYSLER,Marque,0
1,CITROEN,Marque,0
1,DACIA,Marque,0
1,DAEWOO,Marque,0
1,DAIHATSU,Marque,0
1,DODGE,Marque,0
1,FIAT,Marque,0
1,FORD,Marque,0
1,HONDA,Marque,0
1,HYUNDAI,Marque,0
1,ISUZU,Marque,0
1,IVECO,Marque,0
1,JEEP,Marque,0
1,KIA,Marque,0
1,LANCIA,Marque,0
1,LAND ROVER,Marque,0
1,LEXUS,Marque,0
1,MAZDA,Marque,0
1,MERCEDES,Marque,0
1,MINI,Marque,0
1,MITSUBISHI,Marque,0
1,NISSAN,Marque,0
1,OPEL,Marque,0
1,PEUGEOT,Marque,0
1,PIAGGIO,Marque,0
1,PORSCHE,Marque,0
1,RENAULT,Marque,0
1,ROVER,Marque,0
1,SAAB,Marque,0
1,SEAT,Marque,0
1,SKODA,Marque,0
1,SMART,Marque,0
1,SUBARU,Marque,0
1,SUZUKI,Marque,0
1,TOYOTA,Marque,0
1,VOLKSWAGEN,Marque,0
1,FIAT 500,ABARTH,0
1,147categ,ALFA ROMEO,0
1,147categ,ALFA ROMEO,0
1,156categ,ALFA ROMEO,0
1,156categ,ALFA ROMEO,0
1,147categ,ALFA ROMEO,0
1,159categ,ALFA ROMEO,0
1,147categ,ALFA ROMEO,0
1,147categ,ALFA ROMEO,0
1,155categ,ALFA ROMEO,0
1,156categ,ALFA ROMEO,0
1,156categ,ALFA ROMEO,0
1,159categ,ALFA ROMEO,0
1,164categ,ALFA ROMEO,0
1,166categ,ALFA ROMEO,0
1,145-146,ALFA ROMEO,0
1,147categ,ALFA ROMEO,0
1,33categ,ALFA ROMEO,0
1,33categ,ALFA ROMEO,0
1,75categ,ALFA ROMEO,0
1,BRERA,ALFA ROMEO,0
1,GIULIETTA,ALFA ROMEO,0
1,GT,ALFA ROMEO,0
1,GTV,ALFA ROMEO,0
1,MITO,ALFA ROMEO,0
1,80categ,AUDI,0
1,80categ,AUDI,0
1,100categ,AUDI,0
1,100categ,AUDI,0
1,100categ,AUDI,0
1,80categ,AUDI,0
1,80categ,AUDI,0
1,A1,AUDI,0
1,A2,AUDI,0
1,A3,AUDI,0
1,A3,AUDI,0
1,A3,AUDI,0
1,A3,AUDI,0
1,A3,AUDI,0
1,A3,AUDI,0
1,A3 SPORTBACK,AUDI,0
1,A3 SPORTBACK,AUDI,0
1,A3 SPORTBACK,AUDI,0
1,A3 SPORTBACK,AUDI,0
1,A4,AUDI,0
1,A4,AUDI,0
1,A4,AUDI,0
1,A4,AUDI,0
1,A4,AUDI,0
1,A4,AUDI,0
1,A5,AUDI,0
1,A5,AUDI,0
1,A6,AUDI,0
1,A6,AUDI,0
1,A6,AUDI,0
1,A6,AUDI,0
1,A6,AUDI,0
1,A6,AUDI,0
1,A7,AUDI,0
1,Q3,AUDI,0
1,Q5,AUDI,0
1,Q5,AUDI,0
1,Q7,AUDI,0
1,Q7,AUDI,0
1,TT,AUDI,0
1,TT,AUDI,0
1,TT ROADSTER,AUDI,0
1,Y10,AUTOBIANCHI,0
1,Y10,AUTOBIANCHI,0
1,M3,BMW,0
1,SERIE 1 E87,BMW,0
1,SERIE 1 E87,BMW,0
1,SERIE 1 E88,BMW,0
1,SERIE 1 E88,BMW,0
1,SERIE 1 F20,BMW,0
1,SERIE 3 E30,BMW,0
1,SERIE 3 E30,BMW,0
1,SERIE 3 E36,BMW,0
1,SERIE 3 E36 COMPACT,BMW,0
1,SERIE 3 E36 COUPE,BMW,0
1,SERIE 3 E46,BMW,0
1,SERIE 3 E46,BMW,0
1,SERIE 3 E46 COMPACT,BMW,0
1,SERIE 3 E46 COUPE,BMW,0
1,SERIE 3 E46 COUPE,BMW,0
1,SERIE 3 E90,BMW,0
1,SERIE 3 E90,BMW,0
1,SERIE 3 E91 TOURING,BMW,0
1,SERIE 3 E91 TOURING,BMW,0
1,SERIE 3 E92 COUPE,BMW,0
1,SERIE 3 E92 COUPE,BMW,0
1,SERIE 3 F30,BMW,0
1,SERIE 5 E34,BMW,0
1,SERIE 5 E39,BMW,0
1,SERIE 5 E39,BMW,0
1,SERIE 5 E60,BMW,0
1,SERIE 5 E60,BMW,0
1,SERIE 5 E61 TOURING,BMW,0
1,SERIE 5 E61 TOURING,BMW,0
1,SERIE 5 F07 GT,BMW,0
1,SERIE 5 F10,BMW,0
1,SERIE 5 F10 M-TECH,BMW,0
1,SERIE 5 F11 TOURING,BMW,0
1,SERIE 7,BMW,0
1,SERIE 7 E32,BMW,0
1,SERIE 7 E38,BMW,0
1,SERIE 7 E38,BMW,0
1,SERIE 7 E65,BMW,0
1,SERIE 7 E66,BMW,0
1,SERIE X1 E84,BMW,0
1,SERIE X1 E84,BMW,0
1,SERIE X3 E83,BMW,0
1,SERIE X3 E83,BMW,0
1,SERIE X3 F25,BMW,0
1,SERIE X5,BMW,0
1,SERIE X5 E53,BMW,0
1,SERIE X5 E53,BMW,0
1,SERIE X5 E70,BMW,0
1,SERIE X5 E70,BMW,0
1,SERIE X5 E70,BMW,0
1,SERIE X5 E70N,BMW,0
1,SERIE X6 E71,BMW,0
1,SERIE X6 E72 HYBRID,BMW,0
1,SERIE Z3,BMW,0
1,AVEO,CHEVROLET,0
1,AVEO,CHEVROLET,0
1,CAPTIVA,CHEVROLET,0
1,CRUZE,CHEVROLET,0
1,MATIZ,CHEVROLET,0
1,MATIZ,DAEWOO,0
1,SPARK,DAEWOO,0
1,300C,CHRYSLER,0
1,300C,CHRYSLER,0
1,CALIBER,CHRYSLER,0
1,NITRO,CHRYSLER,0
1,PT CRUISER,CHRYSLER,0
1,VOYAGER,CHRYSLER,0
1,VOYAGER,CHRYSLER,0
1,VOYAGER,CHRYSLER,0
1,VOYAGER,CHRYSLER,0
1,BERLINGO,CITROEN,0
1,BERLINGO,CITROEN,0
1,BERLINGO,CITROEN,0
1,BERLINGO,CITROEN,0
1,BERLINGO,CITROEN,0
1,BERLINGO MULTISPACE,CITROEN,0
1,BERLINGO MULTISPACE,CITROEN,0
1,C-CROSSER,CITROEN,0
1,C1,CITROEN,0
1,C1,CITROEN,0
1,C1,CITROEN,0
1,C15,CITROEN,0
1,C2,CITROEN,0
1,C2,CITROEN,0
1,C3,CITROEN,0
1,C3,CITROEN,0
1,C3,CITROEN,0
1,C3,CITROEN,0
1,C3 PICASSO,CITROEN,0
1,C3 PICASSO,CITROEN,0
1,C3 PLURIEL,CITROEN,0
1,C3 PLURIEL,CITROEN,0
1,C4,CITROEN,0
1,C4,CITROEN,0
1,C4,CITROEN,0
1,C4 AIRCROSS,CITROEN,0
1,C4 COUPE,CITROEN,0
1,C4 COUPE,CITROEN,0
1,C4 PICASSO,CITROEN,0
1,C4 PICASSO,CITROEN,0
1,C4 PICASSO,CITROEN,0
1,C5,CITROEN,0
1,C5,CITROEN,0
1,C5,CITROEN,0
1,C5,CITROEN,0
1,C5 TOURER,CITROEN,0
1,C5 TOURER,CITROEN,0
1,C6,CITROEN,0
1,C8,CITROEN,0
1,C8,CITROEN,0
1,DS3,CITROEN,0
1,DS3,CITROEN,0
1,DS3 CABRIO,CITROEN,0
1,DS3 RACING,CITROEN,0
1,DS4,CITROEN,0
1,DS5,CITROEN,0
1,EVASION,CITROEN,0
1,EVASION,CITROEN,0
1,GRAND C4 PICASSO,CITROEN,0
1,GRAND C4 PICASSO,CITROEN,0
1,GRAND C4 PICASSO,CITROEN,0
1,JUMPER,CITROEN,0
1,JUMPER COMBI,CITROEN,0
1,JUMPY,CITROEN,0
1,JUMPY,CITROEN,0
1,JUMPY,CITROEN,0
1,JUMPY,CITROEN,0
1,JUMPY MULTISPACE,CITROEN,0
1,JUMPY MULTISPACE,CITROEN,0
1,NEMO,CITROEN,0
1,NEMO MULTISPACE,CITROEN,0
1,SAXO,CITROEN,0
1,SAXO,CITROEN,0
1,XSARA,CITROEN,0
1,XSARA,CITROEN,0
1,XSARA PICASSO,CITROEN,0
1,XSARA PICASSO,CITROEN,0
1,DUSTER,DACIA,0
1,LOGAN,DACIA,0
1,LOGAN,DACIA,0
1,LOGAN MCV,DACIA,0
1,SANDERO,DACIA,0
1,AVEO,DAEWOO,0
1,KALOS,DAEWOO,0
1,LACETTI,DAEWOO,0
1,LANOS,DAEWOO,0
1,MATIZ,DAEWOO,0
1,MATIZ,DAEWOO,0
1,NEXIA,DAEWOO,0
1,NUBIRA,DAEWOO,0
1,NUBIRA,DAEWOO,0
1,NUBIRA,DAEWOO,0
1,NUBIRA,DAEWOO,0
1,TACUMA,DAEWOO,0
1,TACUMA REZZO,DAEWOO,0
1,TRAILBLAZER,DAEWOO,0
1,FEROZA ROCKY,DAIHATSU,0
1,TERIOS,DAIHATSU,0
1,TERIOS,DAIHATSU,0
1,NEON,DODGE,0
1,STRATUS,DODGE,0
1,500categ,FIAT,0
1,500categ,FIAT,0
1,500 ABARTH,FIAT,0
1,500L,FIAT,0
1,ALBEA,FIAT,0
1,BARCHETTA,FIAT,0
1,BRAVO,FIAT,0
1,BRAVO,FIAT,0
1,BRAVO BRAVA,FIAT,0
1,CINQUECENTO,FIAT,0
1,COUPE,FIAT,0
1,CROMA,FIAT,0
1,CROMA,FIAT,0
1,CROMA,FIAT,0
1,DOBLO,FIAT,0
1,DOBLO,FIAT,0
1,DOBLO,FIAT,0
1,DUCATO,FIAT,0
1,DUCATO,FIAT,0
1,DUCATO,FIAT,0
1,DUCATO,FIAT,0
1,DUCATO,FIAT,0
1,FIORINO,FIAT,0
1,FIORINO,FIAT,0
1,FREEMONT,FIAT,0
1,GRANDE PUNTO,FIAT,0
1,IDEA,FIAT,0
1,LINEA,FIAT,0
1,MAREA,FIAT,0
1,MULTIPLA,FIAT,0
1,MULTIPLA,FIAT,0
1,PALIO,FIAT,0
1,PALIO,FIAT,0
1,PALIO,FIAT,0
1,PANDA,FIAT,0
1,PANDA,FIAT,0
1,PANDA,FIAT,0
1,PANDA CLIMBING 4X4,FIAT,0
1,PUNTO,FIAT,0
1,PUNTO,FIAT,0
1,PUNTO,FIAT,0
1,PUNTO,FIAT,0
1,PUNTO EVO,FIAT,0
1,QUBO,FIAT,0
1,SCUDO,FIAT,0
1,SCUDO,FIAT,0
1,SCUDO,FIAT,0
1,SEDICI,FIAT,0
1,SEDICI,FIAT,0
1,SEICENTO,FIAT,0
1,STILO,FIAT,0
1,STILO SW,FIAT,0
1,STRADA,FIAT,0
1,STRADA,FIAT,0
1,STRADA,FIAT,0
1,TEMPRA,FIAT,0
1,TIPO,FIAT,0
1,ULYSSE,FIAT,0
1,ULYSSE,FIAT,0
1,UNO,FIAT,0
1,UNO,FIAT,0
1,B-MAX,FORD,0
1,C-MAX,FORD,0
1,C-MAX,FORD,0
1,C-MAX,FORD,0
1,CONNECT,FORD,0
1,CONNECT,FORD,0
1,CONNECT,FORD,0
1,COURIER,FORD,0
1,COURIER,FORD,0
1,ESCORT MK IV,FORD,0
1,ESCORT MK V,FORD,0
1,ESCORT MK VI,FORD,0
1,FIESTA,FORD,0
1,FIESTA,FORD,0
1,FIESTA,FORD,0
1,FIESTA MK III,FORD,0
1,FIESTA MK IV,FORD,0
1,FIESTA MK IV,FORD,0
1,FIESTA MK V,FORD,0
1,FIESTA MK V,FORD,0
1,FIESTA MK VI,FORD,0
1,FIESTA MK VI,FORD,0
1,FOCUS,FORD,0
1,FOCUS,FORD,0
1,FOCUS,FORD,0
1,FOCUS,FORD,0
1,FOCUS,FORD,0
1,FOCUS CLIPPER,FORD,0
1,FUSION,FORD,0
1,FUSION,FORD,0
1,GALAXY,FORD,0
1,GALAXY,FORD,0
1,GALAXY,FORD,0
1,GALAXY,FORD,0
1,GRAND C-MAX,FORD,0
1,KA,FORD,0
1,KA,FORD,0
1,KUGA,FORD,0
1,MONDEO,FORD,0
1,MONDEO,FORD,0
1,MONDEO,FORD,0
1,MONDEO,FORD,0
1,MONDEO,FORD,0
1,MONDEO,FORD,0
1,MONDEO CLIPPER,FORD,0
1,MONDEO CLIPPER,FORD,0
1,MONDEO CLIPPER,FORD,0
1,S-MAX,FORD,0
1,S-MAX,FORD,0
1,SCORPIO,FORD,0
1,SIERRA MKI,FORD,0
1,SIERRA MKII,FORD,0
1,SIERRA MKIII,FORD,0
1,TOURNEO,FORD,0
1,TRANSIT,FORD,0
1,TRANSIT,FORD,0
1,TRANSIT,FORD,0
1,TRANSIT,FORD,0
1,TRANSIT,FORD,0
1,TRANSIT MK III,FORD,0
1,TRANSIT MK IV,FORD,0
1,TRANSIT MK V,FORD,0
1,TRANSIT MK VI,FORD,0
1,ACCORD,HONDA,0
1,ACCORD,HONDA,0
1,ACCORD,HONDA,0
1,ACCORD,HONDA,0
1,ACCORD,HONDA,0
1,ACCORD,HONDA,0
1,ACCORD,HONDA,0
1,CIVIC,HONDA,0
1,CIVIC,HONDA,0
1,CIVIC,HONDA,0
1,CIVIC,HONDA,0
1,CIVIC,HONDA,0
1,CIVIC,HONDA,0
1,CR-V,HONDA,0
1,CR-V,HONDA,0
1,CR-V,HONDA,0
1,CR-V,HONDA,0
1,CR-V,HONDA,0
1,CR-X,HONDA,0
1,JAZZ,HONDA,0
1,JAZZ,HONDA,0
1,JAZZ,HONDA,0
1,PRELUDE,HONDA,0
1,PRELUDE,HONDA,0
1,SHUTTLE,HONDA,0
1,ACCENT,HYUNDAI,0
1,ACCENT,HYUNDAI,0
1,ACCENT,HYUNDAI,0
1,ACCENT,HYUNDAI,0
1,ACCENT,HYUNDAI,0
1,ATOS,HYUNDAI,0
1,ATOS,HYUNDAI,0
1,ATOS PRIME,HYUNDAI,0
1,ATOS PRIME,HYUNDAI,0
1,COUPE,HYUNDAI,0
1,COUPE,HYUNDAI,0
1,COUPE,HYUNDAI,0
1,COUPE,HYUNDAI,0
1,ELANTRA,HYUNDAI,0
1,ELANTRA,HYUNDAI,0
1,ELANTRA,HYUNDAI,0
1,ELANTRA,HYUNDAI,0
1,ELANTRA,HYUNDAI,0
1,GETZ,HYUNDAI,0
1,GETZ,HYUNDAI,0
1,H1,HYUNDAI,0
1,H100,HYUNDAI,0
1,I-10,HYUNDAI,0
1,I-10,HYUNDAI,0
1,I-20,HYUNDAI,0
1,I-30,HYUNDAI,0
1,I-30,HYUNDAI,0
1,IX-20,HYUNDAI,0
1,IX-35,HYUNDAI,0
1,MATRIX,HYUNDAI,0
1,MATRIX,HYUNDAI,0
1,MATRIX,HYUNDAI,0
1,PONY EXCEL,HYUNDAI,0
1,SANTAFE,HYUNDAI,0
1,SANTAFE,HYUNDAI,0
1,SANTAFE,HYUNDAI,0
1,SONATA,HYUNDAI,0
1,SONATA,HYUNDAI,0
1,TERRACAN,HYUNDAI,0
1,TERRACAN,HYUNDAI,0
1,TRAJET,HYUNDAI,0
1,TUCSON,HYUNDAI,0
1,VELOSTER,HYUNDAI,0
1,D-MAX,ISUZU,0
1,D-MAX,ISUZU,0
1,PICKUP,ISUZU,0
1,PICKUP,ISUZU,0
1,PICKUP,ISUZU,0
1,TROOPER,ISUZU,0
1,TROOPER,ISUZU,0
1,DAILY,IVECO,0
1,DAILY,IVECO,0
1,DAILY,IVECO,0
1,DAILY,IVECO,0
1,TURBO DAILY,IVECO,0
1,TURBO DAILY,IVECO,0
1,CHEROKEE,JEEP,0
1,CHEROKEE,JEEP,0
1,CHEROKEE,JEEP,0
1,COMPASS,JEEP,0
1,GRAND CHEROKEE,JEEP,0
1,GRAND CHEROKEE,JEEP,0
1,GRAND CHEROKEE,JEEP,0
1,WRANGLER,JEEP,0
1,WRANGLER,JEEP,0
1,CARENS,KIA,0
1,CARENS,KIA,0
1,CARNIVAL,KIA,0
1,CARNIVAL,KIA,0
1,CARNIVAL,KIA,0
1,CEE'D,KIA,0
1,CEE'D,KIA,0
1,CERATO,KIA,0
1,OPTIMA,KIA,0
1,PICANTO,KIA,0
1,PICANTO,KIA,0
1,PICANTO,KIA,0
1,RIO,KIA,0
1,RIO,KIA,0
1,RIO,KIA,0
1,RIO,KIA,0
1,SORENTO,KIA,0
1,SORENTO,KIA,0
1,SORENTO,KIA,0
1,SOUL,KIA,0
1,SPORTAGE,KIA,0
1,SPORTAGE,KIA,0
1,SPORTAGE,KIA,0
1,VENGA,KIA,0
1,DEDRA,LANCIA,0
1,DELTA,LANCIA,0
1,DELTA,LANCIA,0
1,KAPPA,LANCIA,0
1,LYBRA,LANCIA,0
1,MUSA,LANCIA,0
1,MUSA,LANCIA,0
1,PHEDRA,LANCIA,0
1,THEMA,LANCIA,0
1,THEMA,LANCIA,0
1,Y,LANCIA,0
1,Y,LANCIA,0
1,YPSILON,LANCIA,0
1,YPSILON,LANCIA,0
1,YPSILON,LANCIA,0
1,YPSILON,LANCIA,0
1,YPSILON,LANCIA,0
1,ZETA,LANCIA,0
1,EVOQUE,LAND ROVER,0
1,GS300,LEXUS,0
1,2categ,MAZDA,0
1,2categ,MAZDA,0
1,3categ,MAZDA,0
1,3categ,MAZDA,0
1,6categ,MAZDA,0
1,6categ,MAZDA,0
1,323categ,MAZDA,0
1,2categ,MAZDA,0
1,2categ,MAZDA,0
1,2categ,MAZDA,0
1,3categ,MAZDA,0
1,3categ,MAZDA,0
1,323categ,MAZDA,0
1,323 BA,MAZDA,0
1,323 BF,MAZDA,0
1,323 BG,MAZDA,0
1,323 F,MAZDA,0
1,323 F,MAZDA,0
1,323 F,MAZDA,0
1,323 P,MAZDA,0
1,5categ,MAZDA,0
1,5categ,MAZDA,0
1,5categ,MAZDA,0
1,6categ,MAZDA,0
1,6categ,MAZDA,0
1,6categ,MAZDA,0
1,6categ,MAZDA,0
1,626 GE,MAZDA,0
1,626 GF,MAZDA,0
1,626 GW,MAZDA,0
1,CX-7,MAZDA,0
1,MPV,MAZDA,0
1,MPV,MAZDA,0
1,MX5,MAZDA,0
1,MX5 MIATA,MAZDA,0
1,PREMACY,MAZDA,0
1,RX8,MAZDA,0
1,190 (Type W201),MERCEDES,0
1,207D – 410,MERCEDES,0
1,CLASSE A (Type C169),MERCEDES,0
1,CLASSE A (Type W168),MERCEDES,0
1,CLASSE A (Type W168),MERCEDES,0
1,CLASSE A (Type W169),MERCEDES,0
1,CLASSE A (Type W169),MERCEDES,0
1,CLASSE A (Type W176),MERCEDES,0
1,CLASSE B (Type W245),MERCEDES,0
1,CLASSE B (Type W245),MERCEDES,0
1,CLASSE B (Type W246),MERCEDES,0
1,CLASSE C (Type CL203),MERCEDES,0
1,CLASSE C (Type CL203),MERCEDES,0
1,CLASSE C (Type W202),MERCEDES,0
1,CLASSE C (Type W202),MERCEDES,0
1,CLASSE C (Type W203),MERCEDES,0
1,CLASSE C (Type W203),MERCEDES,0
1,CLASSE C (Type W204),MERCEDES,0
1,CLASSE C (Type W204),MERCEDES,0
1,CLASSE C BREAK (Type S204),MERCEDES,0
1,CLASSE C COUPE (Type CL204),MERCEDES,0
1,CLASSE C SPORT COUPE (Type W203),MERCEDES,0
1,CLASSE CLC,MERCEDES,0
1,CLASSE CLK (Type C208),MERCEDES,0
1,CLASSE CLK (Type C209),MERCEDES,0
1,CLASSE CLK (Type W208),MERCEDES,0
1,CLASSE CLK (Type W209),MERCEDES,0
1,CLASSE CLS (Type C219),MERCEDES,0
1,CLASSE E (Type W124),MERCEDES,0
1,CLASSE E (Type W124),MERCEDES,0
1,CLASSE E (Type W124),MERCEDES,0
1,CLASSE E (Type W210),MERCEDES,0
1,CLASSE E (Type W210),MERCEDES,0
1,CLASSE E (Type W211),MERCEDES,0
1,CLASSE E (Type W211),MERCEDES,0
1,CLASSE E (Type W212),MERCEDES,0
1,CLASSE E BREAK (Type S210),MERCEDES,0
1,CLASSE E BREAK (Type S211),MERCEDES,0
1,CLASSE E BREAK (Type S211),MERCEDES,0
1,CLASSE E BREAK (Type S212),MERCEDES,0
1,CLASSE E COUPE (Type C207),MERCEDES,0
1,CLASSE GL (Type X164),MERCEDES,0
1,CLASSE ML (Type W163),MERCEDES,0
1,CLASSE ML (Type W163),MERCEDES,0
1,CLASSE ML (Type W164),MERCEDES,0
1,CLASSE ML (Type W164),MERCEDES,0
1,CLASSE R (Type W251),MERCEDES,0
1,CLASSE S (Type W140),MERCEDES,0
1,CLASSE S (Type W220),MERCEDES,0
1,CLASSE S (Type W220),MERCEDES,0
1,CLASSE S (Type W221),MERCEDES,0
1,CLASSE S (Type W221),MERCEDES,0
1,CLASSE S (Type W221),MERCEDES,0
1,CLASSE SLK (Type R170),MERCEDES,0
1,CLASSE SLK (Type R171),MERCEDES,0
1,CLASSE SLK (Type R171),MERCEDES,0
1,CLASSE SLK (Type R172),MERCEDES,0
1,CLASSE V,MERCEDES,0
1,SPRINTER,MERCEDES,0
1,SPRINTER,MERCEDES,0
1,SPRINTER,MERCEDES,0
1,VITO,MERCEDES,0
1,VITO,MERCEDES,0
1,VITO,MERCEDES,0
1,W123,MERCEDES,0
1,W126,MERCEDES,0
1,COOPER CABRIO R52-R57,MINI,0
1,COOPER CABRIO R52-R57,MINI,0
1,COOPER CLUBMAN R55,MINI,0
1,COOPER COUNTRYMAN,MINI,0
1,COOPER R53,MINI,0
1,COOPER R53,MINI,0
1,COOPER R53,MINI,0
1,COOPER S CABRIO R52-R57,MINI,0
1,COOPER S CABRIO R52-R57,MINI,0
1,COOPER S CLUBMAN R55,MINI,0
1,COOPER S COUNTRYMAN,MINI,0
1,COOPER S R53-R56,MINI,0
1,COOPER S R53-R56,MINI,0
1,COOPER S R53-R56,MINI,0
1,COUNTRYMAN,MINI,0
1,MINI,MINI,0
1,MINI,MINI,0
1,MINI,MINI,0
1,ONE CABRIO R52-R57,MINI,0
1,ONE CABRIO R52-R57,MINI,0
1,ONE CLUBMAN R55,MINI,0
1,ONE COUNTRYMAN,MINI,0
1,ONE R53-R56,MINI,0
1,ONE R53-R56,MINI,0
1,ONE R53-R56,MINI,0
1,C,MITSUBISHI,0
1,CARISMA,MITSUBISHI,0
1,COLT,MITSUBISHI,0
1,COLT,MITSUBISHI,0
1,COLT,MITSUBISHI,0
1,COLT,MITSUBISHI,0
1,COLT RS,MITSUBISHI,0
1,ECLIPSE,MITSUBISHI,0
1,GALANT,MITSUBISHI,0
1,GALANT,MITSUBISHI,0
1,GALANT,MITSUBISHI,0
1,GALANT E30,MITSUBISHI,0
1,L200,MITSUBISHI,0
1,L200,MITSUBISHI,0
1,L200,MITSUBISHI,0
1,L200 STRADA,MITSUBISHI,0
1,L200 STRADA,MITSUBISHI,0
1,L300,MITSUBISHI,0
1,LANCER,MITSUBISHI,0
1,LANCER,MITSUBISHI,0
1,LANCER,MITSUBISHI,0
1,LANCER,MITSUBISHI,0
1,OUTLANDER,MITSUBISHI,0
1,OUTLANDER,MITSUBISHI,0
1,OUTLANDER,MITSUBISHI,0
1,OUTLANDER,MITSUBISHI,0
1,PAJERO,MITSUBISHI,0
1,PAJERO,MITSUBISHI,0
1,PAJERO,MITSUBISHI,0
1,PAJERO,MITSUBISHI,0
1,PAJERO,MITSUBISHI,0
1,PAJERO,MITSUBISHI,0
1,PAJERO,MITSUBISHI,0
1,PAJERO SPORT,MITSUBISHI,0
1,SPACE STAR,MITSUBISHI,0
1,350Z,NISSAN,0
1,ALMERA N15,NISSAN,0
1,ALMERA N15,NISSAN,0
1,ALMERA N16,NISSAN,0
1,ALMERA N16,NISSAN,0
1,ALMERA TINO,NISSAN,0
1,CABSTAR,NISSAN,0
1,CABSTAR,NISSAN,0
1,CUBE,NISSAN,0
1,INTERSTAR,NISSAN,0
1,INTERSTAR,NISSAN,0
1,JUKE,NISSAN,0
1,KUBISTAR,NISSAN,0
1,MAXIMA QX,NISSAN,0
1,MICRA CC,NISSAN,0
1,MICRA CC,NISSAN,0
1,MICRA K10,NISSAN,0
1,MICRA K10,NISSAN,0
1,MICRA K11,NISSAN,0
1,MICRA K11,NISSAN,0
1,MICRA K11,NISSAN,0
1,MICRA K12,NISSAN,0
1,MICRA K12,NISSAN,0
1,MICRA K13,NISSAN,0
1,MURANO,NISSAN,0
1,MURANO,NISSAN,0
1,NAVARA,NISSAN,0
1,NAVARA,NISSAN,0
1,NAVARA,NISSAN,0
1,NAVARA,NISSAN,0
1,NOTE,NISSAN,0
1,NOTE,NISSAN,0
1,PATHFINDER,NISSAN,0
1,PATHFINDER,NISSAN,0
1,PATROL,NISSAN,0
1,PATROL,NISSAN,0
1,PATROL,NISSAN,0
1,PATROL GRY60,NISSAN,0
1,PATROL Y61,NISSAN,0
1,PIXO,NISSAN,0
1,PRIMASTAR,NISSAN,0
1,PRIMASTAR,NISSAN,0
1,PRIMERA P10,NISSAN,0
1,PRIMERA P11,NISSAN,0
1,PRIMERA P11,NISSAN,0
1,PRIMERA P12,NISSAN,0
1,QASHQAI,NISSAN,0
1,QASHQAI,NISSAN,0
1,QASHQAI+2,NISSAN,0
1,QASHQAI+2,NISSAN,0
1,SERENA C23,NISSAN,0
1,SUNNY N13 PULSAR,NISSAN,0
1,SUNNY N14,NISSAN,0
1,TERRANO,NISSAN,0
1,TERRANO II,NISSAN,0
1,TERRANO PATHFINDER KINGCAB,NISSAN,0
1,X-TRAIL,NISSAN,0
1,X-TRAIL,NISSAN,0
1,X-TRAIL,NISSAN,0
1,AGILA,OPEL,0
1,AGILA,OPEL,0
1,ANTARA,OPEL,0
1,ASTRA F,OPEL,0
1,ASTRA F,OPEL,0
1,ASTRA G,OPEL,0
1,ASTRA G CC,OPEL,0
1,ASTRA G OPC,OPEL,0
1,ASTRA G SW,OPEL,0
1,ASTRA H,OPEL,0
1,ASTRA H,OPEL,0
1,ASTRA H GTC,OPEL,0
1,ASTRA J,OPEL,0
1,ASTRA J GTC,OPEL,0
1,COMBO TOUR,OPEL,0
1,COMBO TOUR,OPEL,0
1,CORSA B,OPEL,0
1,CORSA B,OPEL,0
1,CORSA C,OPEL,0
1,CORSA C,OPEL,0
1,CORSA COMBO,OPEL,0
1,CORSA COMBO,OPEL,0
1,CORSA COMBO,OPEL,0
1,CORSA D,OPEL,0
1,CORSA D,OPEL,0
1,INSIGNIA,OPEL,0
1,KADETTE,OPEL,0
1,MERIVA,OPEL,0
1,MERIVA,OPEL,0
1,MERIVA,OPEL,0
1,MOVANO,OPEL,0
1,MOVANO,OPEL,0
1,MOVANO,OPEL,0
1,OMEGA B,OPEL,0
1,OMEGA B,OPEL,0
1,SIGNUM,OPEL,0
1,SIGNUM,OPEL,0
1,TIGRA,OPEL,0
1,TIGRA,OPEL,0
1,TIGRA TWINTOP,OPEL,0
1,VAUXHALL CORSA A,OPEL,0
1,VAUXHALL CORSA A VAUXHALL NOVA,OPEL,0
1,VAUXHALL KADETTE VAUXHALL ASTRA II,OPEL,0
1,VAUXHALL SINTRA,OPEL,0
1,VECTRA A,OPEL,0
1,VECTRA A,OPEL,0
1,VECTRA B,OPEL,0
1,VECTRA B,OPEL,0
1,VECTRA C,OPEL,0
1,VECTRA C,OPEL,0
1,VECTRA C SW,OPEL,0
1,VECTRA OPC,OPEL,0
1,VIVARO,OPEL,0
1,VIVARO,OPEL,0
1,ZAFIRA,OPEL,0
1,ZAFIRA,OPEL,0
1,ZAFIRA,OPEL,0
1,ZAFIRA,OPEL,0
1,1007categ,PEUGEOT,0
1,1007categ,PEUGEOT,0
1,106categ,PEUGEOT,0
1,107categ,PEUGEOT,0
1,107categ,PEUGEOT,0
1,107categ,PEUGEOT,0
1,2008categ,PEUGEOT,0
1,205categ,PEUGEOT,0
1,206categ,PEUGEOT,0
1,206categ,PEUGEOT,0
1,206 CC,PEUGEOT,0
1,206 CC,PEUGEOT,0
1,206 PLUS,PEUGEOT,0
1,206 SW,PEUGEOT,0
1,206 SW,PEUGEOT,0
1,207categ,PEUGEOT,0
1,207categ,PEUGEOT,0
1,207 CC,PEUGEOT,0
1,207 CC,PEUGEOT,0
1,207 PLUS,PEUGEOT,0
1,207 SW,PEUGEOT,0
1,207 SW,PEUGEOT,0
1,207 SW OUTDOOR,PEUGEOT,0
1,207 SW OUTDOOR,PEUGEOT,0
1,208categ,PEUGEOT,0
1,208 GTI,PEUGEOT,0
1,208 SW OUTDOOR,PEUGEOT,0
1,3008categ,PEUGEOT,0
1,3008 HYBRID,PEUGEOT,0
1,306categ,PEUGEOT,0
1,306categ,PEUGEOT,0
1,306categ,PEUGEOT,0
1,307categ,PEUGEOT,0
1,307categ,PEUGEOT,0
1,307 CC,PEUGEOT,0
1,307 CC,PEUGEOT,0
1,307 SW,PEUGEOT,0
1,307 SW,PEUGEOT,0
1,308categ,PEUGEOT,0
1,308categ,PEUGEOT,0
1,308 CC,PEUGEOT,0
1,308 CC,PEUGEOT,0
1,308 SW,PEUGEOT,0
1,308 SW,PEUGEOT,0
1,4007categ,PEUGEOT,0
1,4008categ,PEUGEOT,0
1,406categ,PEUGEOT,0
1,406categ,PEUGEOT,0
1,406 COUPE,PEUGEOT,0
1,406 COUPE,PEUGEOT,0
1,406 SW,PEUGEOT,0
1,406 SW,PEUGEOT,0
1,407categ,PEUGEOT,0
1,407categ,PEUGEOT,0
1,407 COUPE,PEUGEOT,0
1,407 SW,PEUGEOT,0
1,407 SW,PEUGEOT,0
1,5008categ,PEUGEOT,0
1,508categ,PEUGEOT,0
1,508 RXH,PEUGEOT,0
1,508 SW,PEUGEOT,0
1,607categ,PEUGEOT,0
1,607categ,PEUGEOT,0
1,806categ,PEUGEOT,0
1,806categ,PEUGEOT,0
1,807categ,PEUGEOT,0
1,807categ,PEUGEOT,0
1,BIPPER,PEUGEOT,0
1,BIPPER TEPEE,PEUGEOT,0
1,BOXER,PEUGEOT,0
1,EXPERT,PEUGEOT,0
1,EXPERT,PEUGEOT,0
1,EXPERT,PEUGEOT,0
1,EXPERT,PEUGEOT,0
1,EXPERT TEPEE,PEUGEOT,0
1,EXPERT TEPEE,PEUGEOT,0
1,PARTNER,PEUGEOT,0
1,PARTNER,PEUGEOT,0
1,PARTNER,PEUGEOT,0
1,PARTNER,PEUGEOT,0
1,PARTNER,PEUGEOT,0
1,PARTNER TEPEE,PEUGEOT,0
1,PARTNER TEPEE,PEUGEOT,0
1,PARTNER TEPEE OUTDOOR,PEUGEOT,0
1,RCZ,PEUGEOT,0
1,RCZ,PEUGEOT,0
1,PORTER,PIAGGIO,0
1,PORTER,PIAGGIO,0
1,CAYENNE,PORSCHE,0
1,CAPTUR,RENAULT,0
1,CLIO,RENAULT,0
1,CLIO,RENAULT,0
1,CLIO,RENAULT,0
1,CLIO,RENAULT,0
1,CLIO,RENAULT,0
1,CLIO,RENAULT,0
1,CLIO,RENAULT,0
1,CLIO,RENAULT,0
1,CLIO CAMPUS,RENAULT,0
1,CLIO CAMPUS,RENAULT,0
1,CLIO COLLECTION,RENAULT,0
1,CLIO ESTATE,RENAULT,0
1,CLIO ESTATE,RENAULT,0
1,CLIO ESTATE,RENAULT,0
1,CLIO RS,RENAULT,0
1,ESPACE,RENAULT,0
1,ESPACE,RENAULT,0
1,ESPACE,RENAULT,0
1,ESPACE,RENAULT,0
1,ESPACE,RENAULT,0
1,ESPACE,RENAULT,0
1,FLUENCE,RENAULT,0
1,GRAND MODUS,RENAULT,0
1,GRAND SCENIC,RENAULT,0
1,GRAND SCENIC,RENAULT,0
1,GRAND SCENIC,RENAULT,0
1,GRAND SCENIC,RENAULT,0
1,KANGOO BE BOP,RENAULT,0
1,KANGOO EXPRESS,RENAULT,0
1,KANGOO EXPRESS,RENAULT,0
1,KANGOO EXPRESS,RENAULT,0
1,KANGOO EXPRESS,RENAULT,0
1,KANGOO EXPRESS,RENAULT,0
1,KANGOO LUDOSPACE,RENAULT,0
1,KANGOO LUDOSPACE,RENAULT,0
1,KANGOO LUDOSPACE,RENAULT,0
1,KANGOO LUDOSPACE,RENAULT,0
1,KOLEOS,RENAULT,0
1,KOLEOS,RENAULT,0
1,LAGUNA,RENAULT,0
1,LAGUNA,RENAULT,0
1,LAGUNA,RENAULT,0
1,LAGUNA,RENAULT,0
1,LAGUNA,RENAULT,0
1,LAGUNA,RENAULT,0
1,LAGUNA COUPE,RENAULT,0
1,LAGUNA ESTATE,RENAULT,0
1,LAGUNA ESTATE,RENAULT,0
1,LAGUNA ESTATE,RENAULT,0
1,LAGUNA ESTATE,RENAULT,0
1,LAGUNA ESTATE,RENAULT,0
1,LAGUNA ESTATE,RENAULT,0
1,LATITUDE,RENAULT,0
1,MASTER,RENAULT,0
1,MASTER,RENAULT,0
1,MASTER,RENAULT,0
1,MASTER,RENAULT,0
1,MEGANE,RENAULT,0
1,MEGANE,RENAULT,0
1,MEGANE,RENAULT,0
1,MEGANE,RENAULT,0
1,MEGANE,RENAULT,0
1,MEGANE,RENAULT,0
1,MEGANE,RENAULT,0
1,MEGANE,RENAULT,0
1,MEGANE CLASSIC,RENAULT,0
1,MEGANE CLASSIC,RENAULT,0
1,MEGANE CLASSIC,RENAULT,0
1,MEGANE CLASSIC,RENAULT,0
1,MEGANE CLASSIC SEDAN,RENAULT,0
1,MEGANE CLASSIC SEDAN,RENAULT,0
1,MEGANE CLASSIC SEDAN,RENAULT,0
1,MEGANE COUPE,RENAULT,0
1,MEGANE COUPE,RENAULT,0
1,MEGANE COUPE,RENAULT,0
1,MEGANE COUPE,RENAULT,0
1,MEGANE COUPE CABRIOLET,RENAULT,0
1,MEGANE COUPE CABRIOLET,RENAULT,0
1,MEGANE COUPE CABRIOLET,RENAULT,0
1,MEGANE COUPE CABRIOLET,RENAULT,0
1,MEGANE COUPE CABRIOLET,RENAULT,0
1,MEGANE GRANDTOUR,RENAULT,0
1,MEGANE GRANDTOUR,RENAULT,0
1,MEGANE GRANDTOUR,RENAULT,0
1,MEGANE GRANDTOUR ESTATE SW,RENAULT,0
1,MEGANE GRANDTOUR ESTATE SW,RENAULT,0
1,MEGANE GRANDTOUR ESTATE SW,RENAULT,0
1,MEGANE GRANDTOUR ESTATE SW,RENAULT,0
1,MEGANE GRANDTOUR ESTATE SW,RENAULT,0
1,MEGANE RS,RENAULT,0
1,MEGANE RS,RENAULT,0
1,MEGANE SCENIC,RENAULT,0
1,MEGANE SCENIC,RENAULT,0
1,MEGANE SCENIC RX4,RENAULT,0
1,MODUS,RENAULT,0
1,MODUS,RENAULT,0
1,R19,RENAULT,0
1,SCENIC,RENAULT,0
1,SCENIC,RENAULT,0
1,SCENIC,RENAULT,0
1,SCENIC,RENAULT,0
1,SCENIC,RENAULT,0
1,SCENIC CONQUEST,RENAULT,0
1,TRAFIC,RENAULT,0
1,TRAFIC,RENAULT,0
1,TRAFIC,RENAULT,0
1,TRAFIC,RENAULT,0
1,TWINGO,RENAULT,0
1,TWINGO,RENAULT,0
1,TWINGO,RENAULT,0
1,TWINGO,RENAULT,0
1,TWINGO,RENAULT,0
1,TWINGO RS,RENAULT,0
1,TWINGO RS,RENAULT,0
1,VELSATIS,RENAULT,0
1,VELSATIS,RENAULT,0
1,WIND,RENAULT,0
1,25categ,ROVER,0
1,45categ,ROVER,0
1,200categ,ROVER,0
1,200categ,ROVER,0
1,400categ,ROVER,0
1,400categ,ROVER,0
1,200categ,ROVER,0
1,200categ,ROVER,0
1,25categ,ROVER,0
1,400categ,ROVER,0
1,45categ,ROVER,0
1,75categ,ROVER,0
1,75 TOURER,ROVER,0
1,9-3,SAAB,0
1,9-3,SAAB,0
1,9-3,SAAB,0
1,ALHAMBRA,SEAT,0
1,ALHAMBRA,SEAT,0
1,ALHAMBRA,SEAT,0
1,ALTEA,SEAT,0
1,ALTEA,SEAT,0
1,ALTEA XL,SEAT,0
1,ALTEA XL,SEAT,0
1,ALTEA XL FREETRACK,SEAT,0
1,ALTEA XL FREETRACK,SEAT,0
1,AROSA,SEAT,0
1,AROSA,SEAT,0
1,CORDOBA,SEAT,0
1,CORDOBA,SEAT,0
1,CORDOBA,SEAT,0
1,EXEO,SEAT,0
1,IBIZA,SEAT,0
1,IBIZA,SEAT,0
1,IBIZA,SEAT,0
1,IBIZA,SEAT,0
1,IBIZA,SEAT,0
1,IBIZA,SEAT,0
1,IBIZA,SEAT,0
1,IBIZA,SEAT,0
1,IBIZA,SEAT,0
1,IBIZA ST,SEAT,0
1,INCA,SEAT,0
1,LEON,SEAT,0
1,LEON,SEAT,0
1,LEON,SEAT,0
1,LEON,SEAT,0
1,MARBELLA,SEAT,0
1,Mii,SEAT,0
1,TOLEDO,SEAT,0
1,TOLEDO,SEAT,0
1,TOLEDO,SEAT,0
1,TOLEDO,SEAT,0
1,CITIGO,SKODA,0
1,FABIA,SKODA,0
1,FABIA,SKODA,0
1,FABIA,SKODA,0
1,FABIA,SKODA,0
1,FAVORIT,SKODA,0
1,FELICIA,SKODA,0
1,FELICIA,SKODA,0
1,OCTAVIA,SKODA,0
1,OCTAVIA,SKODA,0
1,OCTAVIA,SKODA,0
1,OCTAVIA,SKODA,0
1,ROOMSTER,SKODA,0
1,ROOMSTER,SKODA,0
1,SUPERB,SKODA,0
1,SUPERB,SKODA,0
1,YETI,SKODA,0
1,FORFOUR,SMART,0
1,FORTWO,SMART,0
1,FORTWO,SMART,0
1,FORTWO,SMART,0
1,FORTWO,SMART,0
1,FORESTER,SUBARU,0
1,FORESTER,SUBARU,0
1,IMPREZA,SUBARU,0
1,IMPREZA,SUBARU,0
1,IMPREZA,SUBARU,0
1,IMPREZA,SUBARU,0
1,LEGACY,SUBARU,0
1,LEGACY,SUBARU,0
1,LEGACY,SUBARU,0
1,LEGACY,SUBARU,0
1,LEGACY,SUBARU,0
1,OUTBACK,SUBARU,0
1,ALTO,SUZUKI,0
1,ALTO,SUZUKI,0
1,BALENO,SUZUKI,0
1,BALENO,SUZUKI,0
1,GRAND VITARA,SUZUKI,0
1,GRAND VITARA,SUZUKI,0
1,GRAND VITARA,SUZUKI,0
1,IGNIS,SUZUKI,0
1,IGNIS,SUZUKI,0
1,JIMNY,SUZUKI,0
1,JIMNY,SUZUKI,0
1,SAMURAI,SUZUKI,0
1,SPLASH,SUZUKI,0
1,SPLASH,SUZUKI,0
1,SWIFT,SUZUKI,0
1,SWIFT,SUZUKI,0
1,SWIFT,SUZUKI,0
1,SWIFT,SUZUKI,0
1,SWIFT,SUZUKI,0
1,SWIFT,SUZUKI,0
1,SWIFT SPORT,SUZUKI,0
1,SX4,SUZUKI,0
1,SX4,SUZUKI,0
1,VITARA,SUZUKI,0
1,WAGON R+,SUZUKI,0
1,4RUNNER,TOYOTA,0
1,AURIS,TOYOTA,0
1,AURIS,TOYOTA,0
1,AVENSIS,TOYOTA,0
1,AVENSIS,TOYOTA,0
1,AVENSIS,TOYOTA,0
1,AVENSIS,TOYOTA,0
1,AVENSIS,TOYOTA,0
1,AVENSIS,TOYOTA,0
1,AYGO,TOYOTA,0
1,AYGO,TOYOTA,0
1,AYGO,TOYOTA,0
1,CAMRY,TOYOTA,0
1,CAMRY,TOYOTA,0
1,CARINA,TOYOTA,0
1,CARINA,TOYOTA,0
1,CELICA,TOYOTA,0
1,CELICA,TOYOTA,0
1,COROLLA,TOYOTA,0
1,COROLLA,TOYOTA,0
1,COROLLA,TOYOTA,0
1,COROLLA,TOYOTA,0
1,COROLLA,TOYOTA,0
1,COROLLA,TOYOTA,0
1,COROLLA,TOYOTA,0
1,COROLLA SW,TOYOTA,0
1,COROLLA VERSO,TOYOTA,0
1,COROLLA VERSO,TOYOTA,0
1,COROLLA VERSO,TOYOTA,0
1,HIACE,TOYOTA,0
1,HILUX PICKUP,TOYOTA,0
1,HILUX PICKUP,TOYOTA,0
1,HILUX PICKUP,TOYOTA,0
1,HILUX VIGO PICKUP,TOYOTA,0
1,IQ,TOYOTA,0
1,LAND CRUISER,TOYOTA,0
1,LAND CRUISER FJ100,TOYOTA,0
1,LAND CRUISER FJ100,TOYOTA,0
1,LAND CRUISER FJ12,TOYOTA,0
1,LAND CRUISER FJ200,TOYOTA,0
1,LAND CRUISER FJ90,TOYOTA,0
1,LAND CRUISER RJ77,TOYOTA,0
1,PREVIA,TOYOTA,0
1,PRIUS,TOYOTA,0
1,PRIUS,TOYOTA,0
1,RAV4,TOYOTA,0
1,RAV4,TOYOTA,0
1,RAV4,TOYOTA,0
1,RAV4,TOYOTA,0
1,RAV4,TOYOTA,0
1,RAV4,TOYOTA,0
1,STARLET,TOYOTA,0
1,STARLET,TOYOTA,0
1,URBAN CRUISER,TOYOTA,0
1,VERSO,TOYOTA,0
1,VERSO,TOYOTA,0
1,VERSO S,TOYOTA,0
1,YARIS,TOYOTA,0
1,YARIS,TOYOTA,0
1,YARIS,TOYOTA,0
1,YARIS,TOYOTA,0
1,YARIS,TOYOTA,0
1,YARIS VERSO,TOYOTA,0
1,AMAROK,VOLKSWAGEN,0
1,BORA,VOLKSWAGEN,0
1,CADDY,VOLKSWAGEN,0
1,CADDY,VOLKSWAGEN,0
1,CADDY,VOLKSWAGEN,0
1,CARAVELLE,VOLKSWAGEN,0
1,CARAVELLE,VOLKSWAGEN,0
1,CARAVELLE,VOLKSWAGEN,0
1,CRAFTER,VOLKSWAGEN,0
1,CROSS POLO,VOLKSWAGEN,0
1,EOS,VOLKSWAGEN,0
1,EOS,VOLKSWAGEN,0
1,FOX,VOLKSWAGEN,0
1,GOLF,VOLKSWAGEN,0
1,GOLF,VOLKSWAGEN,0
1,GOLF,VOLKSWAGEN,0
1,GOLF,VOLKSWAGEN,0
1,GOLF,VOLKSWAGEN,0
1,GOLF,VOLKSWAGEN,0
1,GOLF CABRIO,VOLKSWAGEN,0
1,GOLF CABRIO,VOLKSWAGEN,0
1,GOLF GTI,VOLKSWAGEN,0
1,GOLF I,VOLKSWAGEN,0
1,GOLF II,VOLKSWAGEN,0
1,GOLF II,VOLKSWAGEN,0
1,GOLF III,VOLKSWAGEN,0
1,GOLF IV,VOLKSWAGEN,0
1,GOLF PLUS,VOLKSWAGEN,0
1,GOLF PLUS,VOLKSWAGEN,0
1,GOLF V,VOLKSWAGEN,0
1,GOLF V GTI,VOLKSWAGEN,0
1,GOLF V SW,VOLKSWAGEN,0
1,GOLF VI,VOLKSWAGEN,0
1,GOLF VI GTI,VOLKSWAGEN,0
1,GOLF VI SW,VOLKSWAGEN,0
1,JETTA,VOLKSWAGEN,0
1,JETTA,VOLKSWAGEN,0
1,JETTA,VOLKSWAGEN,0
1,LT 35,VOLKSWAGEN,0
1,LT II -LT III,VOLKSWAGEN,0
1,LUPO,VOLKSWAGEN,0
1,NEW BEETLE,VOLKSWAGEN,0
1,NEW BEETLE,VOLKSWAGEN,0
1,PASSAT,VOLKSWAGEN,0
1,PASSAT,VOLKSWAGEN,0
1,PASSAT,VOLKSWAGEN,0
1,Rétroviseur,,0
1,Carrosserie,Carrosserie,0
1,Face avant,Face avant,0
1,Traverse,Face avant,0
1,Pare-chocs,Pare-chocs,0
1,Accessoire,Pare-chocs,0
1,Fixation,Accessoire,0
1,Eclairage,Eclairage,0
1,Feu,Eclairage,0
1,Répétiteur,Feu,0
1,Renfort,Renfort,0
1,Phare,Phare,0
1,Pare-chocs avant,Pare-chocs avant,0
1,Grille,Accessoire,0
1,Feu arrière,Feu,0
1,Capot,Capot,0
1,Cache crochet,Accessoire,0
1,Aile avant,Aile avant,0
1,Aile arrière,Carrosserie,0
1,Vitre,Vitre,0
1,Rétroviseur complet,Rétroviseur complet,0
1,Coquille,Coquille,0
1,Tole de phare,Face avant,0
1,Pare-chocs arrière,Pare-chocs arrière,0
1,Jupe avant,Jupe avant,0
1,Calandre,Calandre,0
1,Feu de plaque,Feu,0
1,Feu avant,Feu,0
1,Compas de capot,Capot,0
1,Catadioptre,Catadioptre,0
1,Cache sous moteur,Cache sous moteur,0
1,Antibrouillard,Antibrouillard,0
1,Enjoliveur,Accessoire,0
1,Baguette,Baguette,0
1,Spoiler,Accessoire,0
1,Feu de recul,Feu,0
1,Feu de brouillard,Feu,0
1,Crosse,Crosse,0
1,Verre de feu,Feu,0
1,Jupe arrière,Carrosserie,0
1,Elargisseur,Aile arrière,0
1,Face,Face,0
1,Hayon,Hayon,0
1,Feu stop,Feu,0
1,Porte,Porte,0
