1,Carrosserie,,0
1,Pare-chocs,,0
1,Eclairage,,0
1,Calandre,,0
1,Cache sous moteur,,0
1,Ailes arrière,Carrosserie,0
1,Ailes avant,Carrosserie,0
1,Accessoires de pare-chocs,Pare-chocs,0
1,Cache crochet,Accessoires de pare-chocs,0
1,Capot,Carrosserie,0
1,Feux,Eclairage,0
1,Feu arrière,Feux,0
1,Grille de pare-chocs,Accessoires de pare-chocs,0
1,Pare-chocs avant,Pare-chocs,0
1,Phares,Eclairage,0
1,Renfort,Pare-chocs,0
1,Répétiteurs,Feux,0
1,Fixation de pare-chocs,Accessoires de pare-chocs,0
1,Face avant,Carrosserie,0
1,Traverse,Face avant,0
1,Baguette de phare,Calandre,0
1,Feu avant,Feux,0
1,Catadioptres,Eclairage,0
1,Enjoliveur de pare-chocs,Accessoires de pare-chocs,0
1,Feu de plaque,Feux,0
1,Pare-chocs arrière,Pare-chocs,0
1,Antibrouillards,Eclairage,0
1,Compas de capot,Capot,0
1,Jupe avant,Carrosserie,0
1,Tole de phare,Face avant,0
1,Feu de brouillard,Feux,0
1,Feu de recul,Feux,0
1,Spoiler,Accessoires de pare-chocs,0
1,Crosses de pare-chocs,Pare-chocs,0
1,Antibrouillard,Eclairage,0
1,Verre de feu,Feux,0
1,Jupe arrière,Carrosserie,0
